"country_name","iso3","gni_per_capita","inverse"
"Afghanistan","AFG",370,0.0027027027027027
"Angola","AGO",2700,0.00037037037037037
"Albania","ALB",8730,0.00011454753722795
"United Arab Emirates","ARE",51100,1.95694716242661e-05
"Argentina","ARG",12920,7.73993808049536e-05
"Armenia","ARM",6850,0.000145985401459854
"Antigua and Barbuda","ATG",19970,5.00751126690035e-05
"Azerbaijan","AZE",6680,0.000149700598802395
"Burundi","BDI",280,0.00357142857142857
"Benin","BEN",1390,0.000719424460431655
"Burkina Faso","BFA",840,0.00119047619047619
"Bangladesh","BGD",2880,0.000347222222222222
"Bahrain","BHR",28460,3.51370344342937e-05
"Bahamas, The","BHS",35180,2.84252416145537e-05
"Bosnia and Herzegovina","BIH",8280,0.000120772946859903
"Belarus","BLR",7850,0.000127388535031847
"Belize","BLZ",6850,0.000145985401459854
"Bolivia","BOL",4230,0.000236406619385343
"Brazil","BRA",9310,0.000107411385606874
"Barbados","BRB",24960,4.00641025641026e-05
"Brunei Darussalam","BRN",34390,2.90782204129107e-05
"Bhutan","BTN",3730,0.000268096514745308
"Botswana","BWA",8360,0.000119617224880383
"Central African Republic","CAF",530,0.00188679245283019
"Chile","CHL",15950,6.26959247648903e-05
"China","CHN",13750,7.27272727272727e-05
"Cote d'Ivoire","CIV",2510,0.000398406374501992
"Cameroon","CMR",1680,0.000595238095238095
"Congo, Dem. Rep.","COD",680,0.00147058823529412
"Congo, Rep.","COG",2310,0.000432900432900433
"Colombia","COL",6720,0.000148809523809524
"Comoros","COM",1580,0.000632911392405063
"Cabo Verde","CPV",4740,0.000210970464135021
"Costa Rica","CRI",14260,7.01262272089762e-05
"Cuba","CUB",NA,NA
"Djibouti","DJI",3500,0.000285714285714286
"Dominica","DMA",9990,0.0001001001001001
"Dominican Republic","DOM",9700,0.000103092783505155
"Algeria","DZA",4950,0.000202020202020202
"Ecuador","ECU",6590,0.000151745068285281
"Egypt, Arab Rep.","EGY",3840,0.000260416666666667
"Eritrea","ERI",NA,NA
"Ethiopia","ETH",1030,0.000970873786407767
"Fiji","FJI",5670,0.00017636684303351
"Micronesia, Fed. Sts.","FSM",4130,0.000242130750605327
"Gabon","GAB",7760,0.000128865979381443
"Georgia","GEO",6710,0.00014903129657228
"Ghana","GHA",2280,0.00043859649122807
"Guinea","GIN",1340,0.000746268656716418
"Gambia, The","GMB",870,0.00114942528735632
"Guinea-Bissau","GNB",990,0.00101010101010101
"Equatorial Guinea","GNQ",4840,0.000206611570247934
"Grenada","GRD",10120,9.88142292490119e-05
"Guatemala","GTM",5470,0.000182815356489945
"Guyana","GUY",17770,5.6274620146314e-05
"Honduras","HND",2880,0.000347222222222222
"Haiti","HTI",1760,0.000568181818181818
"Indonesia","IDN",4810,0.000207900207900208
"India","IND",2580,0.000387596899224806
"Iran, Islamic Rep.","IRN",5070,0.00019723865877712
"Iraq","IRQ",5920,0.000168918918918919
"Jamaica","JAM",6860,0.000145772594752187
"Jordan","JOR",4450,0.000224719101123596
"Kazakhstan","KAZ",10690,9.35453695042095e-05
"Kenya","KEN",2110,0.0004739336492891
"Kyrgyz Republic","KGZ",1840,0.000543478260869565
"Cambodia","KHM",2390,0.000418410041841004
"Kiribati","KIR",3800,0.000263157894736842
"St. Kitts and Nevis","KNA",21840,4.57875457875458e-05
"Kuwait","KWT",42030,2.37925291458482e-05
"Lao PDR","LAO",2110,0.0004739336492891
"Lebanon","LBN",3700,0.00027027027027027
"Liberia","LBR",720,0.00138888888888889
"Libya","LBY",6160,0.000162337662337662
"St. Lucia","LCA",12440,8.03858520900322e-05
"Sri Lanka","LKA",3530,0.00028328611898017
"Lesotho","LSO",1250,8e-04
"Morocco","MAR",3780,0.000264550264550265
"Moldova","MDA",6250,0.00016
"Madagascar","MDG",510,0.00196078431372549
"Maldives","MDV",11130,8.98472596585804e-05
"Mexico","MEX",12020,8.31946755407654e-05
"Marshall Islands","MHL",7980,0.00012531328320802
"North Macedonia","MKD",7940,0.000125944584382872
"Mali","MLI",1010,0.00099009900990099
"Myanmar","MMR",1220,0.000819672131147541
"Montenegro","MNE",11550,8.65800865800866e-05
"Mongolia","MNG",4870,0.000205338809034908
"Mozambique","MOZ",540,0.00185185185185185
"Mauritania","MRT",2140,0.000467289719626168
"Mauritius","MUS",12570,7.95544948289578e-05
"Malawi","MWI",620,0.00161290322580645
"Malaysia","MYS",11700,8.54700854700855e-05
"Namibia","NAM",4290,0.000233100233100233
"Niger","NER",640,0.0015625
"Nigeria","NGA",2590,0.000386100386100386
"Nicaragua","NIC",2360,0.000423728813559322
"Nepal","NPL",1430,0.000699300699300699
"Nauru","NRU",22720,4.40140845070423e-05
"Oman","OMN",19950,5.0125313283208e-05
"Pakistan","PAK",1450,0.000689655172413793
"Panama","PAN",17920,5.58035714285714e-05
"Peru","PER",7080,0.000141242937853107
"Philippines","PHL",4320,0.000231481481481481
"Palau","PLW",14780,6.765899864682e-05
"Papua New Guinea","PNG",2800,0.000357142857142857
"Korea, Dem. People's Rep.","PRK",NA,NA
"Paraguay","PRY",6210,0.000161030595813205
"West Bank and Gaza","PSE",4310,0.000232018561484919
"Qatar","QAT",80200,1.24688279301746e-05
"Russian Federation","RUS",14460,6.91562932226833e-05
"Rwanda","RWA",1000,0.001
"Saudi Arabia","SAU",36330,2.75254610514726e-05
"Sudan","SDN",660,0.00151515151515152
"Senegal","SEN",1630,0.000613496932515337
"Singapore","SGP",69850,1.43163922691482e-05
"Solomon Islands","SLB",1980,0.000505050505050505
"Sierra Leone","SLE",870,0.00114942528735632
"El Salvador","SLV",4950,0.000202020202020202
"Somalia, Fed. Rep.","SOM",600,0.00166666666666667
"Serbia","SRB",10750,9.30232558139535e-05
"South Sudan","SSD",NA,NA
"Sao Tome and Principe","STP",2590,0.000386100386100386
"Suriname","SUR",5210,0.000191938579654511
"Eswatini","SWZ",3750,0.000266666666666667
"Seychelles","SYC",16400,6.09756097560976e-05
"Syrian Arab Republic","SYR",NA,NA
"Chad","TCD",960,0.00104166666666667
"Togo","TGO",1050,0.000952380952380952
"Thailand","THA",7190,0.000139082058414465
"Tajikistan","TJK",1400,0.000714285714285714
"Turkmenistan","TKM",6270,0.000159489633173844
"Timor-Leste","TLS",1900,0.000526315789473684
"Tonga","TON",5910,0.000169204737732657
"Trinidad and Tobago","TTO",19920,5.02008032128514e-05
"Tunisia","TUN",3850,0.00025974025974026
"Turkiye","TUR",11980,8.34724540901503e-05
"Tuvalu","TUV",8770,0.000114025085518814
"Tanzania","TZA",1220,0.000819672131147541
"Uganda","UGA",970,0.00103092783505155
"Ukraine","UKR",4980,0.000200803212851406
"Uruguay","URY",19880,5.03018108651911e-05
"Uzbekistan","UZB",2750,0.000363636363636364
"St. Vincent and the Grenadines","VCT",10380,9.63391136801541e-05
"Venezuela, RB","VEN",3030,0.00033003300330033
"Viet Nam","VNM",4150,0.000240963855421687
"Vanuatu","VUT",3890,0.00025706940874036
"Samoa","WSM",4800,0.000208333333333333
"Yemen, Rep.","YEM",NA,NA
"South Africa","ZAF",6490,0.000154083204930663
"Zambia","ZMB",1270,0.00078740157480315
"Zimbabwe","ZWE",2550,0.000392156862745098
