"ISO_A3","country_name","is_developed","equalizer_multiplier","equalizer_allocation","formula_allocation","allocation"
"AFG","Afghanistan",FALSE,1,507614.21319797,2080060.63083052,2587674.84402849
"AGO","Angola",FALSE,1,507614.21319797,618218.589726646,1125832.80292462
"ALB","Albania",FALSE,1,507614.21319797,124614.475192048,632228.688390017
"AND","Andorra",TRUE,1,507614.21319797,10932.8869728447,518547.100170814
"ARE","United Arab Emirates",FALSE,1,507614.21319797,43563.0691623399,551177.282360309
"ARG","Argentina",FALSE,1,507614.21319797,651135.510572922,1158749.72377089
"ARM","Armenia",FALSE,1,507614.21319797,126587.251167044,634201.464365013
"ATG","Antigua and Barbuda",FALSE,1,507614.21319797,41048.0422765834,548662.255474553
"AUS","Australia",TRUE,1,507614.21319797,1093288.69728447,1600902.91048244
"AUT","Austria",TRUE,1,507614.21319797,43731.5478913789,551345.761089348
"AZE","Azerbaijan",FALSE,1,507614.21319797,191349.916395792,698964.129593762
"BDI","Burundi",FALSE,1,507614.21319797,2495675.15989746,3003289.37309543
"BEL","Belgium",TRUE,1,507614.21319797,32798.6609185342,540412.874116504
"BEN","Benin",FALSE,1,507614.21319797,661010.107467257,1168624.32066523
"BFA","Burkina Faso",FALSE,1,507614.21319797,1053305.80373676,1560920.01693473
"BGD","Bangladesh",FALSE,1,507614.21319797,416245.799153838,923860.012351807
"BGR","Bulgaria",TRUE,1,507614.21319797,51931.2131210124,559545.426318982
"BHR","Bahrain",FALSE,1,507614.21319797,25707.4054065246,533321.618604494
"BHS","Bahamas",FALSE,1,507614.21319797,112698.223667188,620312.436865157
"BIH","Bosnia and Herzegovina",FALSE,1,507614.21319797,101424.962083381,609039.17528135
"BLR","Belarus",FALSE,1,507614.21319797,125330.011561801,632944.224759771
"BLZ","Belize",FALSE,1,507614.21319797,151249.52573711,658863.73893508
"BOL","Bolivia (Plurinational State of)",FALSE,1,507614.21319797,715591.14787102,1223205.36106899
"BRA","Brazil",FALSE,1,507614.21319797,3191124.58574562,3698738.79894359
"BRB","Barbados",FALSE,1,507614.21319797,38563.3265015908,546177.53969956
"BRN","Brunei Darussalam",FALSE,1,507614.21319797,53162.116649331,560776.329847301
"BTN","Bhutan",FALSE,1,507614.21319797,294238.846654252,801853.059852222
"BWA","Botswana",FALSE,1,507614.21319797,225495.84000371,733110.05320168
"CAF","Central African Republic",FALSE,1,507614.21319797,1595819.72509367,2103433.93829164
"CAN","Canada",TRUE,1,507614.21319797,276055.396064329,783669.609262299
"CHE","Switzerland",TRUE,1,507614.21319797,49197.9913778013,556812.204575771
"CHL","Chile",FALSE,1,507614.21319797,413992.103519512,921606.316717482
"CHN","China",FALSE,1,507614.21319797,2640890.9441485,3148505.15734647
"CIV","Côte d’Ivoire",FALSE,1,507614.21319797,683092.333625641,1190706.54682361
"CMR","Cameroon",FALSE,1,507614.21319797,1603509.08606516,2111123.29926313
"COD","Democratic Republic of the Congo",FALSE,1,507614.21319797,2118857.78467648,2626471.99787445
"COG","Congo",FALSE,1,507614.21319797,548855.58800978,1056469.80120775
"COK","Cook Islands",FALSE,1,507614.21319797,45466.7107611097,553080.923959079
"COL","Colombia",FALSE,1,507614.21319797,1792189.43861731,2299803.65181528
"COM","Comoros",FALSE,1,507614.21319797,496349.464232305,1003963.67743027
"CPV","Cabo Verde",FALSE,1,507614.21319797,258107.847177515,765722.060375484
"CRI","Costa Rica",FALSE,1,507614.21319797,351615.018852511,859229.232050481
"CUB","Cuba",FALSE,1,507614.21319797,287123.865663405,794738.078861374
"CYP","Cyprus",TRUE,1,507614.21319797,10932.8869728447,518547.100170814
"CZE","Czechia",TRUE,1,507614.21319797,30065.439175323,537679.652373292
"DEU","Germany",TRUE,1,507614.21319797,101129.204498814,608743.417696783
"DJI","Djibouti",FALSE,1,507614.21319797,217967.520766932,725581.733964902
"DMA","Dominica",FALSE,1,507614.21319797,87971.5485968762,595585.761794846
"DNK","Denmark",TRUE,1,507614.21319797,27332.2174321118,534946.430630081
"DOM","Dominican Republic",FALSE,1,507614.21319797,206612.135264872,714226.348462842
"DZA","Algeria",FALSE,1,507614.21319797,270212.256295478,777826.469493448
"ECU","Ecuador",FALSE,1,507614.21319797,994592.330577101,1502206.54377507
"EGY","Egypt",FALSE,1,507614.21319797,297402.953747138,805017.166945108
"ERI","Eritrea",FALSE,1,507614.21319797,87023.9040828515,594638.117280821
"ESP","Spain",TRUE,1,507614.21319797,73796.9870667019,581411.200264671
"EST","Estonia",TRUE,1,507614.21319797,32798.6609185342,540412.874116504
"ETH","Ethiopia",FALSE,1,507614.21319797,1185773.08541464,1693387.29861261
"EUU","European Union",TRUE,1,507614.21319797,0,507614.21319797
"FIN","Finland",TRUE,1,507614.21319797,57397.6566074348,565011.869805404
"FJI","Fiji",FALSE,1,507614.21319797,266747.049551026,774361.262748996
"FRA","France",TRUE,1,507614.21319797,98395.9827556025,606010.195953572
"FSM","Micronesia (Federated States of)",FALSE,1,507614.21319797,297698.121220292,805312.334418261
"GAB","Gabon",FALSE,1,507614.21319797,304851.397544972,812465.610742941
"GBR","United Kingdom of Great Britain and Northern Ireland",TRUE,1,507614.21319797,76530.2088099131,584144.422007883
"GEO","Georgia",FALSE,1,507614.21319797,188305.710739455,695919.923937425
"GHA","Ghana",FALSE,1,507614.21319797,634929.893865765,1142544.10706373
"GIN","Guinea",FALSE,1,507614.21319797,722377.151173182,1229991.36437115
"GMB","Gambia",FALSE,1,507614.21319797,849416.782955465,1357030.99615343
"GNB","Guinea-Bissau",FALSE,1,507614.21319797,801787.531269444,1309401.74446741
"GNQ","Equatorial Guinea",FALSE,1,507614.21319797,204878.668364536,712492.881562506
"GRC","Greece",TRUE,1,507614.21319797,76530.2088099131,584144.422007883
"GRD","Grenada",FALSE,1,507614.21319797,80099.7962494603,587714.00944743
"GTM","Guatemala",FALSE,1,507614.21319797,533265.428474675,1040879.64167264
"GUY","Guyana",FALSE,1,507614.21319797,178311.339313183,685925.552511153
"HND","Honduras",FALSE,1,507614.21319797,499512.265836191,1007126.47903416
"HRV","Croatia",TRUE,1,507614.21319797,35531.8826617454,543146.095859715
"HTI","Haiti",FALSE,1,507614.21319797,552688.636218441,1060302.84941641
"HUN","Hungary",TRUE,1,507614.21319797,38265.1044049565,545879.317602926
"IDN","Indonesia",FALSE,1,507614.21319797,4652794.60263381,5160408.81583178
"IND","India",FALSE,1,507614.21319797,2732742.64169321,3240356.85489118
"IRL","Ireland",TRUE,1,507614.21319797,13666.1087160559,521280.321914025
"IRN","Iran (Islamic Republic of)",FALSE,1,507614.21319797,535065.00648779,1042679.21968576
"IRQ","Iraq",FALSE,1,507614.21319797,229170.56188348,736784.775081449
"ISL","Iceland",TRUE,1,507614.21319797,5466.44348642236,513080.656684392
"ISR","Israel",TRUE,1,507614.21319797,87463.0957827578,595077.308980727
"ITA","Italy",TRUE,1,507614.21319797,150327.195876615,657941.409074584
"JAM","Jamaica",FALSE,1,507614.21319797,207030.319018808,714644.532216777
"JOR","Jordan",FALSE,1,507614.21319797,187122.18625384,694736.39945181
"JPN","Japan",TRUE,1,507614.21319797,65597.3218370683,573211.535035038
"KAZ","Kazakhstan",FALSE,1,507614.21319797,245378.314593966,752992.527791935
"KEN","Kenya",FALSE,1,507614.21319797,788399.91613999,1296014.12933796
"KGZ","Kyrgyzstan",FALSE,1,507614.21319797,416012.614033941,923626.82723191
"KHM","Cambodia",FALSE,1,507614.21319797,433189.679207929,940803.892405899
"KIR","Kiribati",FALSE,1,507614.21319797,229272.272735752,736886.485933721
"KNA","Saint Kitts and Nevis",FALSE,1,507614.21319797,28963.3741490297,536577.587346999
"KOR","Republic of Korea",TRUE,1,507614.21319797,13666.1087160559,521280.321914025
"KWT","Kuwait",FALSE,1,507614.21319797,28288.0417745903,535902.25497256
"LAO","Lao People's Democratic Republic",FALSE,1,507614.21319797,724802.523232827,1232416.7364308
"LBN","Lebanon",FALSE,1,507614.21319797,205708.656950693,713322.870148662
"LBR","Liberia",FALSE,1,507614.21319797,1117078.43125518,1624692.64445315
"LBY","Libya",FALSE,1,507614.21319797,195872.151423996,703486.364621966
"LCA","Saint Lucia",FALSE,1,507614.21319797,74984.9078077533,582599.121005723
"LIE","Liechtenstein",TRUE,1,507614.21319797,8199.66522963354,515813.878427603
"LKA","Sri Lanka",FALSE,1,507614.21319797,480479.196283833,988093.409481802
"LSO","Lesotho",FALSE,1,507614.21319797,567079.777579804,1074693.99077777
"LTU","Lithuania",TRUE,1,507614.21319797,40998.3261481677,548612.539346137
"LUX","Luxembourg",TRUE,1,507614.21319797,8199.66522963354,515813.878427603
"LVA","Latvia",TRUE,1,507614.21319797,38265.1044049565,545879.317602926
"MAR","Morocco",FALSE,1,507614.21319797,292295.061963819,799909.275161788
"MCO","Monaco",TRUE,1,507614.21319797,5466.44348642236,513080.656684392
"MDA","Republic of Moldova",FALSE,1,507614.21319797,126343.725007435,633957.938205404
"MDG","Madagascar",FALSE,1,507614.21319797,2467128.34105786,2974742.55425583
"MDV","Maldives",FALSE,1,507614.21319797,89491.474742007,597105.687939977
"MEX","Mexico",FALSE,1,507614.21319797,2642366.29911698,3149980.51231495
"MHL","Marshall Islands",FALSE,1,507614.21319797,129954.881219044,637569.094417013
"MKD","North Macedonia",FALSE,1,507614.21319797,129339.826789254,636954.039987224
"MLI","Mali",FALSE,1,507614.21319797,929848.049263621,1437462.26246159
"MLT","Malta",TRUE,1,507614.21319797,2733.22174321118,510347.434941181
"MMR","Myanmar",FALSE,1,507614.21319797,1263168.93621302,1770783.14941098
"MNE","Montenegro",FALSE,1,507614.21319797,74611.919585484,582226.132783454
"MNG","Mongolia",FALSE,1,507614.21319797,272297.2753291,779911.48852707
"MOZ","Mozambique",FALSE,1,507614.21319797,1598682.59324728,2106296.80644525
"MRT","Mauritania",FALSE,1,507614.21319797,374243.080005738,881857.293203708
"MUS","Mauritius",FALSE,1,507614.21319797,119985.576469344,627599.789667314
"MWI","Malawi",FALSE,1,507614.21319797,1239109.62894996,1746723.84214793
"MYS","Malaysia",FALSE,1,507614.21319797,816079.053857872,1323693.26705584
"NAM","Namibia",FALSE,1,507614.21319797,400142.881256453,907757.094454423
"NER","Niger",FALSE,1,507614.21319797,1161769.71010325,1669383.92330122
"NGA","Nigeria",FALSE,1,507614.21319797,2034809.18799868,2542423.40119665
"NIC","Nicaragua",FALSE,1,507614.21319797,433665.790558951,941280.00375692
"NIU","Niue",FALSE,1,507614.21319797,7618.74254654575,515232.955744515
"NLD","Netherlands (Kingdom of the)",TRUE,1,507614.21319797,62864.1000938572,570478.313291827
"NOR","Norway",TRUE,1,507614.21319797,46464.7696345901,554078.98283256
"NPL","Nepal",FALSE,1,507614.21319797,910970.047853654,1418584.26105162
"NRU","Nauru",FALSE,1,507614.21319797,37584.5607630226,545198.773960992
"NZL","New Zealand",TRUE,1,507614.21319797,27332.2174321118,534946.430630081
"OMN","Oman",FALSE,1,507614.21319797,157621.085330762,665235.298528731
"PAK","Pakistan",FALSE,1,507614.21319797,811274.296095056,1318888.50929303
"PAN","Panama",FALSE,1,507614.21319797,380453.373023401,888067.58622137
"PER","Peru",FALSE,1,507614.21319797,1472942.23443125,1980556.44762922
"PHL","Philippines",FALSE,1,507614.21319797,1466103.66537224,1973717.87857021
"PLW","Palau",FALSE,1,507614.21319797,91780.248611484,599394.461809454
"PNG","Papua New Guinea",FALSE,1,507614.21319797,3542262.3597141,4049876.57291207
"POL","Poland",TRUE,1,507614.21319797,57397.6566074348,565011.869805404
"PRK","Democratic People's Republic of Korea",FALSE,1,507614.21319797,28877.2280028096,536491.441200779
"PRT","Portugal",TRUE,1,507614.21319797,27332.2174321118,534946.430630081
"PRY","Paraguay",FALSE,1,507614.21319797,252543.14608783,760157.3592858
"PSE","State of Palestine",FALSE,1,507614.21319797,180294.618000397,687908.831198367
"QAT","Qatar",FALSE,1,507614.21319797,9219.76646477415,516833.979662744
"ROU","Romania",TRUE,1,507614.21319797,57397.6566074348,565011.869805404
"RUS","Russian Federation",FALSE,1,507614.21319797,1022196.25171047,1529810.46490844
"RWA","Rwanda",FALSE,1,507614.21319797,731375.037987824,1238989.25118579
"SAU","Saudi Arabia",FALSE,1,507614.21319797,205023.122318614,712637.335516583
"SDN","Sudan",FALSE,1,507614.21319797,1393943.50923711,1901557.72243508
"SEN","Senegal",FALSE,1,507614.21319797,626693.680464935,1134307.8936629
"SGP","Singapore",FALSE,1,507614.21319797,25228.1071909243,532842.320388894
"SLB","Solomon Islands",FALSE,1,507614.21319797,733896.361348488,1241510.57454646
"SLE","Sierra Leone",FALSE,1,507614.21319797,895990.03717239,1403604.25037036
"SLV","El Salvador",FALSE,1,507614.21319797,180471.992883015,688086.206080985
"SMR","San Marino",TRUE,1,507614.21319797,2733.22174321118,510347.434941181
"SOM","Somalia",FALSE,1,507614.21319797,1336253.23024206,1843867.44344003
"SRB","Serbia",FALSE,1,507614.21319797,106391.508513933,614005.721711902
"SSD","South Sudan",FALSE,1,507614.21319797,292328.395657275,799942.608855244
"STP","Sao Tome and Principe",FALSE,1,507614.21319797,328115.865520923,835730.078718893
"SUR","Suriname",FALSE,1,507614.21319797,231859.248414807,739473.461612777
"SVK","Slovakia",TRUE,1,507614.21319797,30065.439175323,537679.652373292
"SVN","Slovenia",TRUE,1,507614.21319797,30065.439175323,537679.652373292
"SWE","Sweden",TRUE,1,507614.21319797,54664.4348642236,562278.648062193
"SWZ","Eswatini",FALSE,1,507614.21319797,193116.530428322,700730.743626292
"SYC","Seychelles",FALSE,1,507614.21319797,125027.941438266,632642.154636236
"SYR","Syrian Arab Republic",FALSE,1,507614.21319797,74745.6023016481,582359.815499618
"TCD","Chad",FALSE,1,507614.21319797,1153665.75698729,1661279.97018526
"TGO","Togo",FALSE,1,507614.21319797,806714.87808601,1314329.09128398
"THA","Thailand",FALSE,1,507614.21319797,534184.810837555,1041799.02403552
"TJK","Tajikistan",FALSE,1,507614.21319797,551489.97928995,1059104.19248792
"TKM","Turkmenistan",FALSE,1,507614.21319797,167589.10873186,675203.32192983
"TLS","Timor-Leste",FALSE,1,507614.21319797,442957.660229027,950571.873426996
"TON","Tonga",FALSE,1,507614.21319797,173638.377574867,681252.590772836
"TTO","Trinidad and Tobago",FALSE,1,507614.21319797,89346.7792598238,596960.992457793
"TUN","Tunisia",FALSE,1,507614.21319797,239061.180722291,746675.393920261
"TUR","Türkiye",FALSE,1,507614.21319797,355846.921905119,863461.135103088
"TUV","Tuvalu",FALSE,1,507614.21319797,86441.1293656213,594055.342563591
"TZA","United Republic of Tanzania",FALSE,1,507614.21319797,1450548.71493598,1958162.92813394
"UGA","Uganda",FALSE,1,507614.21319797,947213.062944727,1454827.2761427
"UKR","Ukraine",FALSE,1,507614.21319797,259308.456529222,766922.669727191
"URY","Uruguay",FALSE,1,507614.21319797,104196.528973434,611810.742171403
"USA","United States of America",TRUE,1,507614.21319797,0,507614.21319797
"UZB","Uzbekistan",FALSE,1,507614.21319797,315731.481753472,823345.694951442
"VCT","Saint Vincent and the Grenadines",FALSE,1,507614.21319797,80783.7660549936,588397.979252963
"VEN","Venezuela (Bolivarian Republic of)",FALSE,1,507614.21319797,1091932.9394145,1599547.15261247
"VNM","Viet Nam",FALSE,1,507614.21319797,811045.442549884,1318659.65574785
"VUT","Vanuatu",FALSE,1,507614.21319797,565278.196306327,1072892.4095043
"WSM","Samoa",FALSE,1,507614.21319797,166163.920586181,673778.13378415
"YEM","Yemen",FALSE,1,507614.21319797,178710.040032801,686324.253230771
"ZAF","South Africa",FALSE,1,507614.21319797,822260.130881416,1329874.34407939
"ZMB","Zambia",FALSE,1,507614.21319797,783815.182947993,1291429.39614596
"ZWE","Zimbabwe",FALSE,1,507614.21319797,406400.837503461,914015.05070143
